District code,State name,District name,LPG_or_PNG_Households,Housholds_with_Electric_Lighting,Households_with_Internet,Households_with_Computer,Households_with_Car_Jeep_Van,Households_with_Scooter_Motorcycle_Moped,Households_with_Television,Households_with_Telephone_Mobile_Phone,Condition_of_occupied_census_houses_Dilapidated_Households,Households_with_separate_kitchen_Cooking_inside_house,Having_bathing_facility_Total_Households,Having_latrine_facility_within_the_premises_Total_Households,Main_source_of_drinking_water_Tapwater_Households
1,JAMMU AND KASHMIR,Kupwara,15828,83071,762,5256,2988,1808,26828,56495,8463,104172,66361,54335,50339
2,JAMMU AND KASHMIR,Badgam,15118,90190,1999,5892,5091,5848,54170,72197,3733,88806,83385,83615,73303
3,JAMMU AND KASHMIR,Leh(Ladakh),13645,17250,574,2150,4271,1289,13597,13836,371,20134,10304,18780,6254
4,JAMMU AND KASHMIR,Kargil,3285,15824,235,1005,1847,652,8008,10562,575,17751,11887,17649,10769
5,JAMMU AND KASHMIR,Punch,13160,62900,346,3342,1731,2407,16022,36358,2047,78572,19789,16586,43697
6,JAMMU AND KASHMIR,Rajouri,23946,96012,673,6219,3128,7261,34209,65569,3254,88623,22470,17778,39628
7,JAMMU AND KASHMIR,Kathua,32772,109422,1443,6112,4687,23014,66944,88964,4036,94279,47372,26033,61227
8,JAMMU AND KASHMIR,Baramula,33022,138180,3698,10645,10075,8145,75137,107269,7656,138439,121099,113281,113894
9,JAMMU AND KASHMIR,Bandipore,8868,45469,985,3155,2237,2284,25399,34528,3922,52461,43923,42035,33973
10,JAMMU AND KASHMIR,Srinagar,138119,165403,16413,33831,34586,39804,152945,157875,3715,164293,164263,164002,164426
11,JAMMU AND KASHMIR,Ganderbal,10410,38487,878,2779,2313,2709,20350,27786,3794,39831,33167,31492,35518
12,JAMMU AND KASHMIR,Pulwama,16828,73629,1537,5293,6164,4551,45967,65162,3568,71921,61749,53836,56749
13,JAMMU AND KASHMIR,Shupiyan,3727,35282,884,3440,3634,4656,19896,33786,2392,39555,33535,25628,30968
14,JAMMU AND KASHMIR,Anantnag,28984,114899,2712,8612,7846,5541,67166,102683,6650,137410,98110,80917,103058
15,JAMMU AND KASHMIR,Kulgam,4301,47913,838,3542,2421,3318,25825,49605,3194,66620,40973,31048,48856
16,JAMMU AND KASHMIR,Doda,7963,61831,596,3077,1804,1550,19244,47031,1308,76597,26716,23060,66002
17,JAMMU AND KASHMIR,Ramban,3982,34243,417,2644,958,612,8110,27216,1143,51469,13135,10892,33094
18,JAMMU AND KASHMIR,Kishtwar,4118,24067,274,1651,850,1533,9281,17702,1453,42978,12609,10761,34280
19,JAMMU AND KASHMIR,Udhampur,20008,73999,1214,5744,3800,8953,37323,64858,1832,67792,21542,18063,47796
20,JAMMU AND KASHMIR,Reasi,6552,31588,602,2849,1878,3551,13645,28783,793,45425,11155,8334,33866
21,JAMMU AND KASHMIR,Jammu,197168,294739,19905,46657,44063,113156,240478,241206,12552,246479,231365,162522,168693
22,JAMMU AND KASHMIR,Samba,34063,61159,992,4465,4093,17664,47611,50736,1863,47597,43562,20650,32061
23,HIMACHAL PRADESH,Chamba,21458,96082,1615,5117,5074,8880,62233,73995,2207,92819,46292,52553,96451
24,HIMACHAL PRADESH,Kangra,148361,330081,8053,22753,22727,69192,272579,274180,4856,299890,229975,220258,301016
25,HIMACHAL PRADESH,Lahul AND Spiti,2046,5618,61,252,536,564,4938,4995,53,6448,4946,5232,6123
26,HIMACHAL PRADESH,Kullu,40064,91322,2623,7010,8479,6979,66910,79454,1117,90542,66129,55831,87848
27,HIMACHAL PRADESH,Mandi,59324,214491,5333,16401,15958,26366,157314,172205,3472,196933,175038,181985,209375
28,HIMACHAL PRADESH,Hamirpur,34978,104120,2521,7525,6665,16955,86324,90286,1011,94440,86909,93858,94807
29,HIMACHAL PRADESH,Una,43809,105929,2412,8238,8059,36913,88894,90729,1874,92378,87268,66103,93873
30,HIMACHAL PRADESH,Bilaspur,17262,79146,1574,6281,6573,11397,61392,66935,1046,58346,61113,56814,67847
31,HIMACHAL PRADESH,Solan,53722,119866,5250,14478,15117,25275,94692,108699,2195,109878,105861,90587,103964
32,HIMACHAL PRADESH,Sirmaur,28904,91509,2220,8593,7459,17523,58902,75406,2511,76236,74088,60246,75607
33,HIMACHAL PRADESH,Shimla,108888,172754,9177,24127,23107,8186,131450,161675,3690,160066,153356,123535,166551
34,HIMACHAL PRADESH,Kinnaur,10740,17865,354,2563,2775,857,12925,16468,194,16851,13902,13521,17996
35,PUNJAB,Gurdaspur,244468,411216,14428,38445,32484,194705,365644,336075,34047,405686,360051,258924,124910
36,PUNJAB,Kapurthala,110555,161206,9732,23145,23561,90508,144945,145116,8913,159033,149071,137713,87546
37,PUNJAB,Jalandhar,299449,446200,39082,79134,72374,238203,401189,395069,24899,436790,422876,392909,297183
38,PUNJAB,Hoshiarpur,201675,319930,13747,34328,33720,166862,285904,278411,20255,310810,285730,210621,177302
39,PUNJAB,Shahid Bhagat Singh Nagar,64934,125068,5264,13936,14456,64143,109258,110382,7238,123000,115870,90711,62350
40,PUNJAB,Fatehgarh Sahib,64037,113683,5138,14294,18239,63700,98080,98401,6665,109623,104467,99858,44186
41,PUNJAB,Ludhiana,488757,703624,58589,123400,120172,360662,604959,606726,41268,689982,669232,667902,438455
42,PUNJAB,Moga,89445,183396,7897,21662,26253,85167,152610,155841,13868,177546,171503,167596,91608
43,PUNJAB,Firozpur,141899,349662,10042,31070,37105,148610,277615,290671,36458,354657,303760,274015,161386
44,PUNJAB,Muktsar,76441,166585,4571,14077,23185,62205,130482,135144,17701,165332,152188,133635,94584
45,PUNJAB,Faridkot,62103,113549,4348,12276,15528,51638,93053,95758,9288,112702,107033,99988,48872
46,PUNJAB,Bathinda,118427,255650,11284,32253,36173,106010,204051,215302,17698,256617,241449,232629,151659
47,PUNJAB,Mansa,39414,140099,2673,10085,12805,48117,102314,111889,10246,123826,128019,99571,71808
48,PUNJAB,Patiala,209192,352929,24274,55105,57008,193945,308440,303548,21277,342661,327085,309524,207661
49,PUNJAB,Amritsar,279993,461231,29961,63864,56185,225063,413460,379572,31025,458184,430958,379230,218410
50,PUNJAB,Tarn Taran,73958,186599,4300,13102,15885,86013,162147,155842,15981,188469,160573,136239,27408
51,PUNJAB,Rupnagar,67749,129123,6600,17542,17248,72313,111937,114425,7652,124576,114310,88385,80769
52,PUNJAB,Sahibzada Ajit Singh Nagar,131701,191578,25944,50857,49154,112529,170839,172826,10343,188089,180924,155989,157375
53,PUNJAB,Sangrur,135280,305557,10736,30955,35264,146931,244837,252535,17744,295361,282915,259912,150522
54,PUNJAB,Barnala,50276,108908,3501,10566,12912,49472,86481,89207,7043,105996,102344,93781,64117
55,CHANDIGARH,Chandigarh,168344,231204,44283,78113,60494,109701,193932,209783,8256,226263,210801,206017,227354
56,UTTARAKHAND,Uttarkashi,21374,52621,602,4104,1637,4046,29400,43020,1907,60008,36136,29106,53576
57,UTTARAKHAND,Chamoli,27853,71524,899,5582,2516,2311,46579,59079,1960,80492,46547,45572,73654
58,UTTARAKHAND,Rudraprayag,19859,49182,418,3082,1111,1529,29622,40057,968,49793,29977,28272,47111
59,UTTARAKHAND,Tehri Garhwal,50929,117239,1366,7831,4324,9697,68294,98205,3340,124900,78515,74477,103160
60,UTTARAKHAND,Dehradun,233705,310726,25862,71199,48070,152009,260368,278318,9840,298845,283844,278971,273226
61,UTTARAKHAND,Garhwal,70551,143963,2633,12670,4874,15468,99662,113779,2803,152778,104175,89437,138948
62,UTTARAKHAND,Pithoragarh,45365,95421,1344,7932,3008,6136,58954,67332,2317,102955,58037,61543,88949
63,UTTARAKHAND,Bageshwar,13352,47083,435,3595,1149,2005,25873,35364,1651,51297,28198,31604,45834
64,UTTARAKHAND,Almora,40199,109876,1830,9858,3396,6719,70237,98610,2306,131268,77118,76958,112049
65,UTTARAKHAND,Champawat,18785,37725,548,3159,1387,5151,22588,31466,3117,46034,24002,24284,34183
66,UTTARAKHAND,Nainital,99021,169001,7265,26270,13800,49145,125994,145056,7986,164700,145021,148745,149782
67,UTTARAKHAND,Udham Singh Nagar,116576,254802,7883,28053,16841,88369,192243,228966,17354,229403,207469,207848,110297
68,UTTARAKHAND,Hardwar,125717,279012,11947,35023,21893,114469,207894,250344,13248,264573,265523,216744,131667
69,HARYANA,Panchkula,69687,103455,18615,32174,29497,49972,88378,92486,5245,103319,94560,77967,99720
70,HARYANA,Ambala,121622,199681,12899,32767,26122,92424,172034,170149,8024,193627,186183,142922,173860
71,HARYANA,Yamunanagar,109080,217503,8079,25129,20791,87959,168506,175426,12340,205250,193584,148667,176944
72,HARYANA,Kurukshetra,90150,171908,7356,21951,20261,73765,143316,145855,7231,158156,152922,136321,152471
73,HARYANA,Kaithal,62668,187349,3724,15301,12792,59238,140195,153352,9252,173902,153556,126896,116339
74,HARYANA,Karnal,143133,267223,11163,29253,26238,108101,215813,215865,11884,252406,238149,215989,229500
75,HARYANA,Panipat,121846,209965,10024,26719,17466,74923,162321,172677,7820,201026,191098,176766,145881
76,HARYANA,Sonipat,126009,253054,9029,30697,22367,84519,192317,207285,11516,248760,224790,183719,164405
77,HARYANA,Jind,78386,222462,5263,23750,15836,61694,160742,193577,10853,221117,186317,146428,129177
78,HARYANA,Fatehabad,51693,153301,3210,13142,14030,52633,107042,136196,9757,159106,152219,134586,128708
79,HARYANA,Sirsa,70538,215527,6287,22706,24468,75692,150315,190983,13027,215779,216307,215371,204475
80,HARYANA,Hisar,110495,285004,10132,33400,24642,90721,202588,259276,15588,305078,273915,231144,218535
81,HARYANA,Bhiwani,88938,266244,5292,25236,16793,66069,176336,242718,15893,289221,241914,175689,203509
82,HARYANA,Rohtak,94633,193120,8482,27225,16545,63575,150160,160621,7826,190149,174390,147990,154010
83,HARYANA,Jhajjar,70149,168558,5034,19241,14298,52868,128007,145032,8744,170101,153834,123545,133448
84,HARYANA,Mahendragarh,45359,135455,2624,13908,8538,45775,88012,133653,5132,152743,113329,74605,108389
85,HARYANA,Rewari,62667,152651,5121,18092,12161,58897,108753,137152,5173,159721,134804,100436,122608
86,HARYANA,Gurgaon,238359,305751,67087,102343,92934,131478,248024,274931,11975,304118,290709,271169,219377
87,HARYANA,Mewat,15593,96309,935,10499,6220,33748,27367,111968,13269,106186,92492,36802,58016
88,HARYANA,Faridabad,258422,333171,43437,82673,63470,152884,279652,302937,9755,334623,313812,296399,211123
89,HARYANA,Palwal,46498,132606,4283,16736,10185,55825,93313,121222,9455,142348,112618,74531,95032
90,NCT OF DELHI,North West,625662,720900,114044,188876,152362,263624,631015,636303,24844,715763,633690,618297,578245
91,NCT OF DELHI,North,161067,174310,21418,40543,25574,63424,156786,160557,6011,172937,160265,158373,144005
92,NCT OF DELHI,North East,356769,391951,30390,69417,37482,152678,349535,357017,7975,391476,372599,375856,322815
93,NCT OF DELHI,East,327253,352758,80037,127465,87499,162670,320151,329844,6817,350135,333378,331089,333999
94,NCT OF DELHI,New Delhi,26681,30023,7366,11948,7248,10268,26397,27920,1121,29538,27047,23658,28951
95,NCT OF DELHI,Central,101826,113399,19724,30627,21001,39119,102933,104185,3695,112606,104791,104040,110084
96,NCT OF DELHI,West,475985,520282,109666,171002,134587,218843,468163,476978,14856,514528,474955,471008,455131
97,NCT OF DELHI,South West,423855,457784,94853,156635,105425,183150,402661,425929,12143,454597,432180,421100,350289
98,NCT OF DELHI,South,504898,549402,111453,176435,121101,204607,481782,513042,15995,542907,503279,487320,393274
99,RAJASTHAN,Ganganagar,88543,283142,6295,24901,21515,85320,181616,284669,10212,317953,332389,316783,274355
100,RAJASTHAN,Hanumangarh,55515,243163,3360,16217,16537,56973,140280,249474,8365,294975,278085,278373,246593
101,RAJASTHAN,Bikaner,108812,220793,7607,29531,17113,68379,138480,287946,14160,345409,301031,195188,224200
102,RAJASTHAN,Churu,74197,231696,2577,15259,9938,27698,131174,268431,16925,311578,268120,200805,268551
103,RAJASTHAN,Jhunjhunun,131987,297559,4828,24178,15861,59920,189511,314807,8656,336430,297078,205571,231401
104,RAJASTHAN,Alwar,123478,485723,9750,45770,30207,179435,258862,477446,20145,514708,330836,172919,189088
105,RAJASTHAN,Bharatpur,61113,288723,4179,26106,10349,99846,160190,303255,18001,353111,198184,85903,101103
106,RAJASTHAN,Dhaulpur,24561,96086,1330,9504,3614,31120,51423,117770,12024,178426,77503,33172,35615
107,RAJASTHAN,Karauli,28296,132079,1059,13045,3820,35486,49752,166652,13804,178407,69366,41754,54328
108,RAJASTHAN,Sawai Madhopur,40116,140947,1887,14310,4398,41953,61935,171024,10366,198019,81379,52475,54946
109,RAJASTHAN,Dausa,35600,195277,1719,14539,6664,62106,82113,202591,14177,192676,85330,50480,54241
110,RAJASTHAN,Jaipur,570997,990085,76565,182350,142866,523398,764302,974168,28725,993436,816767,694107,661375
111,RAJASTHAN,Sikar,131342,339457,5647,28382,22494,77340,218772,384989,11294,374975,328313,222955,248633
112,RAJASTHAN,Nagaur,97267,347344,4449,35328,26150,94315,184518,465022,32964,506680,393528,209311,237329
113,RAJASTHAN,Jodhpur,197135,408808,19335,54808,40768,197296,246002,491165,25246,588447,481462,248676,305339
114,RAJASTHAN,Jaisalmer,12431,43141,754,7416,5218,11355,19388,81102,3396,106416,79428,26456,27456
115,RAJASTHAN,Barmer,39580,126494,2766,37730,27009,39804,52926,299183,22802,384807,234694,66597,95785
116,RAJASTHAN,Jalor,39745,161845,1585,12794,12367,34799,54245,237522,26360,230923,145214,51153,136516
117,RAJASTHAN,Sirohi,47182,134089,2146,10297,6343,38817,65197,125006,11967,168576,91080,54218,81766
118,RAJASTHAN,Pali,94821,326793,4043,19270,14175,109098,154761,316935,20656,371789,274998,124303,197827
119,RAJASTHAN,Ajmer,171799,393498,13499,41732,24509,175460,250461,363250,12075,400166,305048,204571,247504
120,RAJASTHAN,Tonk,32359,158264,1908,12482,6295,68174,83447,189703,5457,233360,92778,49974,58786
121,RAJASTHAN,Bundi,33406,136969,1392,7705,5787,58255,78692,143433,6801,181934,77636,42082,51021
122,RAJASTHAN,Bhilwara,93768,373644,6207,24014,17508,150972,175393,341043,15482,427165,231845,115740,183367
123,RAJASTHAN,Rajsamand,36073,193276,1989,9222,7060,62714,80267,168164,9161,207998,105451,49135,86777
124,RAJASTHAN,Dungarpur,26351,141275,1477,11742,4385,34909,46510,115373,16802,271018,62463,38043,44442
125,RAJASTHAN,Banswara,34189,120603,2324,15062,5287,45930,48693,108760,31554,347302,72390,45574,38137
126,RAJASTHAN,Chittaurgarh,59190,268172,4941,16560,11261,103489,119801,223599,10716,284116,138788,67820,136583
127,RAJASTHAN,Kota,165563,339899,12843,36297,24848,147206,236764,283909,8541,348345,265337,195286,225351
128,RAJASTHAN,Baran,32685,161310,1363,9491,5741,59954,88344,150412,6858,219215,92962,42258,57191
129,RAJASTHAN,Jhalawar,38909,220428,1750,9403,5385,56052,96225,167020,11136,265667,110586,46984,75401
130,RAJASTHAN,Udaipur,128320,357846,14211,48517,27979,157259,180282,330546,20156,559408,223077,150738,150942
131,RAJASTHAN,Pratapgarh,17984,71612,716,5961,2803,31782,37216,78345,4259,169441,42404,20284,23928
132,UTTAR PRADESH,Saharanpur,149035,404499,9699,38816,21310,151620,294410,419470,28835,472744,468873,343084,190539
133,UTTAR PRADESH,Muzaffarnagar,147785,368153,10077,56149,32866,145278,331760,512592,28573,579578,553728,449383,203329
134,UTTAR PRADESH,Bijnor,128042,268353,7303,37341,17143,131278,260312,445114,31357,474925,470279,380737,226734
135,UTTAR PRADESH,Moradabad,179473,281758,11690,61846,19316,148802,283005,504670,39689,700569,532409,496107,266687
136,UTTAR PRADESH,Rampur,62281,131112,3847,25960,14386,73261,134249,253787,21958,339126,254563,260618,145801
137,UTTAR PRADESH,Jyotiba Phule Nagar,55064,89329,2825,18303,7361,63056,101804,206663,16858,253796,205042,166582,97536
138,UTTAR PRADESH,Meerut,236071,425624,23717,69473,42392,186553,354359,440962,17236,527894,497784,421643,248730
139,UTTAR PRADESH,Baghpat,44732,119121,2989,19999,13301,42998,111663,155781,6642,178240,171586,134051,51339
140,UTTAR PRADESH,Ghaziabad,501592,695130,78116,179552,119441,292502,592753,700485,19054,785452,750601,701900,347916
141,UTTAR PRADESH,Gautam Buddha Nagar,193902,257586,53181,87188,78631,124939,232925,278982,5200,297930,276925,245877,171326
142,UTTAR PRADESH,Bulandshahr,124641,223922,7865,38225,20979,136765,254050,410624,22726,549012,393105,257848,152581
143,UTTAR PRADESH,Aligarh,153283,268120,13634,58336,21667,151973,262098,445913,22752,572425,356823,254141,168309
144,UTTAR PRADESH,Mahamaya Nagar,48911,134579,3087,18621,6691,61172,121618,187223,10398,240523,147527,73875,54051
145,UTTAR PRADESH,Mathura,107867,281239,8726,37596,16580,124260,221574,318989,14386,378353,240390,154472,119348
146,UTTAR PRADESH,Agra,251013,536402,27183,82012,44989,243761,433913,520896,21602,630150,463682,311695,224180
147,UTTAR PRADESH,Firozabad,100919,196080,5834,31797,10940,85413,169583,283190,23727,381745,237006,146593,102602
148,UTTAR PRADESH,Mainpuri,43074,79022,2642,24451,7361,53444,76780,209597,21800,288281,158322,72089,63151
149,UTTAR PRADESH,Budaun,62863,110177,3634,30423,9654,69930,130433,354565,47333,580347,262671,190341,123199
150,UTTAR PRADESH,Bareilly,210687,272830,15164,56575,24436,159838,300504,481724,47378,696829,428849,462993,323722
151,UTTAR PRADESH,Pilibhit,47723,83006,2870,18097,7560,55738,106945,205860,32806,330245,169387,162404,98099
152,UTTAR PRADESH,Shahjahanpur,91958,115163,3889,27533,9927,73581,135885,288372,58272,496446,243864,198260,148086
153,UTTAR PRADESH,Kheri,86948,122761,3402,29252,11395,94806,141512,359457,77139,672234,277898,176324,202411
154,UTTAR PRADESH,Sitapur,74072,102040,3874,34609,11679,88916,123246,369436,93364,767387,371343,145037,230288
155,UTTAR PRADESH,Hardoi,60689,95508,3845,32065,12396,82094,132969,387803,57352,686741,341739,173556,137163
156,UTTAR PRADESH,Unnao,70484,99466,3476,28719,10191,79130,134235,306178,39416,544317,362568,141351,68748
157,UTTAR PRADESH,Lucknow,469747,582769,68506,152257,90205,337254,506413,607420,45231,796009,654614,539863,427563
158,UTTAR PRADESH,Rae Bareli,65080,247856,5184,34788,13483,94437,130197,363829,46600,568968,297883,112567,125452
159,UTTAR PRADESH,Farrukhabad,59209,88081,2624,18733,6765,49592,87314,198066,23921,289395,182879,113500,49109
160,UTTAR PRADESH,Kannauj,32510,61491,2488,18082,6011,37935,64187,174734,23163,259962,157415,85404,47225
161,UTTAR PRADESH,Etawah,47520,113098,2964,21506,7736,47713,84543,177997,19235,262941,166012,93434,58927
162,UTTAR PRADESH,Auraiya,32687,65479,2404,14279,5088,35729,60174,152099,20393,237062,150177,72893,46112
163,UTTAR PRADESH,Kanpur Dehat,23831,49753,2682,25354,12752,40159,65556,184973,26754,309804,197245,89107,53449
164,UTTAR PRADESH,Kanpur Nagar,421694,517271,33966,93296,51177,249207,469346,571582,45681,794999,647223,520077,271007
165,UTTAR PRADESH,Jalaun,42616,104176,2217,18615,7009,58169,90428,199931,8834,276045,206627,114634,52267
166,UTTAR PRADESH,Jhansi,94342,183340,8517,40774,18860,94539,163900,270128,6923,334347,238492,147302,93390
167,UTTAR PRADESH,Lalitpur,20720,77082,1079,9906,5511,36718,53524,126482,5851,201091,84273,42178,20604
168,UTTAR PRADESH,Hamirpur,20175,55929,1196,11037,3791,24522,48564,137792,3213,201284,120259,68771,40314
169,UTTAR PRADESH,Mahoba,12874,42936,1316,11298,5755,21276,35422,113025,2711,154755,70567,41692,18115
170,UTTAR PRADESH,Banda,26907,73522,1655,18612,5202,32236,52233,174698,3856,311630,133063,90787,51777
171,UTTAR PRADESH,Chitrakoot,11637,41046,827,9437,2805,17911,27006,84775,3131,161060,44786,27623,23226
172,UTTAR PRADESH,Fatehpur,43492,75263,3385,33501,16758,59754,97968,271445,26111,438006,211608,117023,65256
173,UTTAR PRADESH,Pratapgarh,46358,140538,5149,34400,15781,104506,135185,397265,32731,463068,186336,74799,113727
174,UTTAR PRADESH,Kaushambi,22034,43753,1503,15029,4403,35502,52946,154650,12183,264959,92723,46197,26654
175,UTTAR PRADESH,Allahabad,204357,391542,24122,85491,41965,243219,355913,616743,37550,787263,373803,278760,252326
176,UTTAR PRADESH,Bara Banki,60554,108116,3159,26293,11935,91664,116157,306578,65953,533207,305263,103904,110385
177,UTTAR PRADESH,Faizabad,58328,127754,4746,28625,15426,74081,99531,276720,36334,392003,238464,94981,90607
178,UTTAR PRADESH,Ambedkar Nagar,21512,99581,2509,27308,9813,60203,61470,255512,35991,332700,146958,67875,97529
179,UTTAR PRADESH,Sultanpur,55055,233701,5956,44008,18382,104307,135697,440274,52533,564210,278962,101900,154994
180,UTTAR PRADESH,Bahraich,38940,85814,2681,35463,13451,51784,71676,270422,49799,561188,223076,93687,187350
181,UTTAR PRADESH,Shrawasti,4828,20419,624,10074,2286,16069,15978,92836,12916,173524,73503,22439,74873
182,UTTAR PRADESH,Balrampur,16229,57400,1551,15510,6167,37816,34497,194750,20770,298119,141528,48201,85828
183,UTTAR PRADESH,Gonda,45517,104084,4313,31811,13053,75067,78099,346478,58242,465245,248745,66742,188037
184,UTTAR PRADESH,Siddharthnagar,25883,93088,2434,24662,9664,52801,56722,274281,24641,328991,148764,47813,158749
185,UTTAR PRADESH,Basti,37593,108101,3423,30244,11477,66316,76856,278758,37182,330864,172901,62328,125645
186,UTTAR PRADESH,Sant Kabir Nagar,17671,79525,2031,19729,6778,37986,49191,195440,25595,231166,123330,38686,91688
187,UTTAR PRADESH,Mahrajganj,23647,91844,2694,27339,9050,52155,84591,292220,36547,354808,190169,79375,196296
188,UTTAR PRADESH,Gorakhpur,149727,296619,14597,65360,30258,157765,255280,544038,54998,601098,390206,213529,238404
189,UTTAR PRADESH,Kushinagar,29304,127331,3486,35931,12849,70192,103014,404094,47546,473720,266463,95139,171798
190,UTTAR PRADESH,Deoria,60348,150001,4469,36068,13388,84941,122308,379700,39422,411210,257442,100060,109265
191,UTTAR PRADESH,Azamgarh,49699,183381,6652,47324,20757,116175,159910,500400,57414,592546,299061,135150,102270
192,UTTAR PRADESH,Mau,40087,149908,2656,26716,7411,47576,82073,232564,30271,297148,160149,87874,42095
193,UTTAR PRADESH,Ballia,62157,119972,4672,42969,10846,65467,115533,342823,60023,445832,217983,124786,75078
194,UTTAR PRADESH,Jaunpur,56508,181467,8002,52398,22876,128471,211780,515736,46432,513794,239695,131852,135340
195,UTTAR PRADESH,Ghazipur,36798,105767,5309,50180,21169,78218,139187,375976,53403,465637,216165,116171,58602
196,UTTAR PRADESH,Chandauli,32433,99602,3492,20762,7313,49064,109887,190317,19321,265718,129320,74557,38260
197,UTTAR PRADESH,Varanasi,202055,336056,19214,57583,24216,157861,309911,398076,28680,456434,301753,295357,187518
198,UTTAR PRADESH,Sant Ravidas Nagar (Bhadohi),23178,83220,2896,16198,6910,38919,72638,149061,13452,171235,68092,41397,31323
199,UTTAR PRADESH,Mirzapur,43500,145997,4447,24518,10205,63155,136132,237437,17924,346953,131018,102361,44170
200,UTTAR PRADESH,Sonbhadra,40467,95582,5149,25220,10279,50700,80712,165535,7672,312438,90701,78826,47641
201,UTTAR PRADESH,Etah,37027,69591,2635,19712,6644,54798,79090,200961,18500,260846,141689,57574,66179
202,UTTAR PRADESH,Kanshiram Nagar,26849,50405,1623,13109,3854,30712,53987,149712,18880,219883,108916,56717,64018
203,BIHAR,Pashchim Champaran,38414,57546,3495,41143,10911,48435,69056,371137,36635,647438,270894,112382,19577
204,BIHAR,Purba Champaran,52358,74979,7719,70258,19282,78531,96546,585210,55372,898000,391064,179522,20310
205,BIHAR,Sheohar,3983,10004,478,6698,1410,7678,11722,83296,5295,135021,52118,30398,2091
206,BIHAR,Sitamarhi,39465,66263,3460,42461,7292,38576,61089,340890,45624,642364,217626,152392,10992
207,BIHAR,Madhubani,47090,113281,5319,65548,11636,59254,73851,486531,43081,704604,235903,166993,19775
208,BIHAR,Supaul,12111,51028,1845,25078,4064,21885,26559,207212,22190,258497,152501,47753,5373
209,BIHAR,Araria,17004,43290,2561,29796,5041,31983,40387,240730,21557,295636,225043,52549,8056
210,BIHAR,Kishanganj,11715,58718,1093,14073,2436,19539,28736,130592,13210,111597,108435,34858,4264
211,BIHAR,Purnia,33688,86058,4170,33664,8390,40178,63200,258284,35470,246639,234013,87774,12331
212,BIHAR,Katihar,32570,60900,2941,27263,5118,35004,60110,239686,31743,333662,200849,108018,13810
213,BIHAR,Madhepura,12302,23236,1397,23309,4560,21254,23209,182773,25170,206218,139028,52388,6388
214,BIHAR,Saharsa,21651,41342,1668,19415,3824,20489,30518,166317,24592,231080,113421,61597,6629
215,BIHAR,Darbhanga,59510,127442,6280,53205,10325,52586,80085,440719,65837,592006,247667,202524,19499
216,BIHAR,Muzaffarpur,87796,180651,10290,73012,23333,94249,172027,547479,78566,848646,346386,256532,44121
217,BIHAR,Gopalganj,31193,69375,3707,33596,9508,51902,61380,316314,33324,370511,209045,84425,16485
218,BIHAR,Siwan,42384,52935,3834,37833,10891,64065,74071,401299,44252,502991,276680,124672,19043
219,BIHAR,Saran,51822,94787,4509,37442,10948,68604,128169,423960,55407,586793,276656,137526,27833
220,BIHAR,Vaishali,47300,70001,4810,39564,11316,60246,101269,390123,76918,563063,208882,171904,18159
221,BIHAR,Samastipur,46123,88021,5379,50918,10621,56464,84248,441421,81471,733280,213527,159459,20385
222,BIHAR,Begusarai,49493,120373,4644,43127,9821,41377,76761,334335,67430,494402,193224,186662,21384
223,BIHAR,Khagaria,15401,40641,1580,21654,3120,14047,31220,159866,29053,230762,88774,78061,9814
224,BIHAR,Bhagalpur,63241,174534,6764,46929,8644,47618,117040,308044,48643,447618,208730,189954,45919
225,BIHAR,Banka,15459,62359,1704,22300,3258,24398,32859,181116,25641,341709,88429,46555,15071
226,BIHAR,Munger,49141,90461,2653,17946,3755,24259,69973,149671,20065,236192,109560,102385,20237
227,BIHAR,Lakhisarai,12938,44491,1186,8862,2415,9577,31048,95917,12827,146148,60658,52316,9477
228,BIHAR,Sheikhpura,6803,20065,631,8873,1728,6933,16279,61568,9398,93800,35018,30019,5094
229,BIHAR,Nalanda,43761,101378,4156,43848,7955,29239,87070,273472,44622,444936,180298,149675,38617
230,BIHAR,Patna,321307,546859,40692,132582,49821,176114,453344,662665,71080,899309,562795,507581,231255
231,BIHAR,Bhojpur,45763,62153,3661,34658,7391,43689,87879,268330,35885,386150,216412,112983,15589
232,BIHAR,Buxar,27362,46760,1784,19324,5341,26325,48405,174119,27055,244087,130771,64826,10728
233,BIHAR,Kaimur (Bhabua),12540,52899,2100,17223,6503,22998,48728,149676,15757,227705,98119,40996,9201
234,BIHAR,Rohtas,41659,114893,4594,36279,10819,49892,106218,312557,28748,432151,248462,128652,25242
235,BIHAR,Aurangabad,24106,44456,2362,31168,7145,32335,45871,235248,25019,367543,166509,84329,13998
236,BIHAR,Gaya,57738,112617,6856,57011,11827,59202,107970,383973,51489,648810,260921,167232,37002
237,BIHAR,Nawada,20522,31162,1841,28411,3991,15948,34020,182748,34494,316609,132057,77297,10224
238,BIHAR,Jamui,12984,32633,1839,22414,4842,18411,27056,159792,24808,275316,64170,45733,12828
239,BIHAR,Jehanabad,15507,27641,1106,11302,2522,13682,32086,100130,15987,171798,74772,50439,6054
240,BIHAR,Arwal,4176,2203,413,6378,1386,7667,11482,63570,9033,112002,51433,27875,1659
241,SIKKIM,North  District,2343,7826,116,590,638,239,4193,6150,314,7099,5164,6887,6402
242,SIKKIM,West District,5337,25272,286,1956,1379,641,10840,16776,2180,16770,15960,23481,23303
243,SIKKIM,South District,10021,27587,591,2626,2026,759,14689,21124,1550,18924,19784,26286,27600
244,SIKKIM,East District,35170,57893,3291,9662,6556,1991,40378,49441,2906,51278,46957,55080,51963
245,ARUNACHAL PRADESH,Tawang,3794,8635,96,494,895,205,4824,4036,333,9277,3562,7026,7643
246,ARUNACHAL PRADESH,West Kameng,7133,14188,202,887,1299,1045,8634,7942,429,14843,7421,8253,14074
247,ARUNACHAL PRADESH,East Kameng,3583,5318,57,885,577,1382,3169,4178,371,13486,4477,4703,11181
248,ARUNACHAL PRADESH,Papum Pare,22966,30539,2477,7418,6454,8668,23203,27411,1243,31671,23052,25706,25063
249,ARUNACHAL PRADESH,Upper Subansiri,3123,5373,139,750,569,1435,3580,3653,354,15025,5007,6658,11712
250,ARUNACHAL PRADESH,West Siang,6115,14204,303,1300,1964,4023,9593,10217,228,19907,10692,15800,17389
251,ARUNACHAL PRADESH,East Siang,4866,14231,450,1582,2072,4568,9363,12744,465,18182,8399,11735,12954
252,ARUNACHAL PRADESH,Upper Siang,1504,6198,97,392,430,1031,2823,3491,40,6946,2714,4413,6796
253,ARUNACHAL PRADESH,Changlang,4762,14593,170,1486,1102,2450,9314,10621,455,26837,9721,19606,12297
254,ARUNACHAL PRADESH,Tirap,3104,16026,98,888,679,1369,6118,7182,215,18949,6582,16937,11931
255,ARUNACHAL PRADESH,Lower Subansiri,4211,12493,381,1598,2002,2973,7285,9532,204,14643,8804,11232,12831
256,ARUNACHAL PRADESH,Kurung Kumey,586,3911,95,969,605,884,1320,3318,1962,15498,2173,4066,6770
257,ARUNACHAL PRADESH,Dibang Valley,605,1074,17,133,96,283,685,816,125,1824,947,1311,1649
258,ARUNACHAL PRADESH,Lower Dibang Valley,3068,5932,207,742,703,2128,4345,6616,359,10559,4945,6143,7059
259,ARUNACHAL PRADESH,Lohit,6549,17157,312,1471,1203,3884,12215,13372,1590,27644,11806,17327,8500
260,ARUNACHAL PRADESH,Anjaw,476,1949,27,252,79,363,1153,1239,242,4069,1064,1200,3624
261,NAGALAND,Mon,1080,14398,178,2844,1007,1571,5647,13012,816,39573,28073,27663,20867
262,NAGALAND,Mokokchung,7236,40154,537,2728,3805,5184,20192,22667,247,41054,41293,41057,24062
263,NAGALAND,Zunheboto,1433,28846,261,2008,2258,1033,9954,15491,442,27313,26285,22868,18102
264,NAGALAND,Wokha,3228,25268,198,1757,1592,1713,10923,14850,287,31060,29411,22108,8234
265,NAGALAND,Dimapur,42378,71413,3303,12077,10008,10821,50453,60055,2012,68601,69407,72398,10539
266,NAGALAND,Phek,2073,36182,170,1558,1780,838,9553,17005,793,33713,29897,29489,31634
267,NAGALAND,Tuensang,773,24998,155,2251,1063,738,7687,13878,1315,36817,30295,22080,28436
268,NAGALAND,Longleng,186,6416,37,635,303,369,1711,3813,317,10429,8437,8100,1185
269,NAGALAND,Kiphire,120,14147,47,478,239,172,2139,4911,144,12846,13191,8012,13033
270,NAGALAND,Kohima,20712,50724,1928,7982,8428,2011,29077,38531,650,47525,43001,37427,25045
271,NAGALAND,Peren,605,13859,121,1414,649,824,4334,8013,209,17199,10553,14866,7456
272,MANIPUR,Senapati,2430,22798,256,2170,827,1603,9623,13568,1006,30317,16321,29985,18477
273,MANIPUR,Tamenglong,1229,11541,125,1362,495,723,5233,6037,2117,21266,10189,17284,9250
274,MANIPUR,Churachandpur,13371,29894,837,4496,1807,6387,17498,24266,1150,47354,28742,41638,16414
275,MANIPUR,Bishnupur,11393,34364,676,3447,2009,5782,23140,28217,2355,42408,16508,41441,19612
276,MANIPUR,Thoubal,15994,49507,880,5110,3141,11574,34893,48254,4591,78020,29742,78949,13391
277,MANIPUR,Imphal West,61736,87078,4913,15066,12386,41705,77994,83432,5234,105015,68484,105743,63716
278,MANIPUR,Imphal East,41213,78663,2739,9837,7743,28471,56265,63361,3691,86764,49283,85211,31080
279,MANIPUR,Ukhrul,1659,14026,276,2437,1107,944,7360,12142,1807,26712,28568,29549,18080
280,MANIPUR,Chandel,1424,18764,184,1782,908,3263,8319,12428,1559,25414,11611,23065,5580
281,MIZORAM,Mamit,4010,12158,90,1073,565,1619,6263,10031,865,16720,8945,14784,4404
282,MIZORAM,Kolasib,8787,14853,367,1986,867,2488,8392,12841,403,16886,11294,16632,11477
283,MIZORAM,Aizawl,64710,79804,4019,21093,9581,16909,59257,73438,748,81144,73761,80980,55588
284,MIZORAM,Champhai,9115,23948,186,2263,1237,3135,13445,19039,899,25349,21158,24612,17370
285,MIZORAM,Serchhip,5511,12315,131,987,702,1723,7043,10185,991,12448,11822,12317,8459
286,MIZORAM,Lunglei,14037,26394,482,3725,1982,3706,15871,21471,837,32180,22896,28570,17757
287,MIZORAM,Lawngtlai,5213,9283,162,1329,631,658,6657,7895,1050,22512,8506,15309,7684
288,MIZORAM,Saiha,4783,7400,168,1194,507,337,4797,5856,439,10721,7587,9981,7068
289,TRIPURA,West Tripura,103228,314567,6394,36186,11356,44499,231324,228799,15393,390646,166347,365146,134228
290,TRIPURA,South Tripura,20246,133744,948,10393,3454,12757,78159,87445,8974,146403,38316,174397,80036
291,TRIPURA,Dhalai,5532,46875,273,5067,907,3006,24750,25563,6190,78811,15987,58161,16802
292,TRIPURA,North Tripura,19631,81601,997,10310,2726,9201,43755,63308,12140,147845,50104,127388,48723
293,MEGHALAYA,West Garo Hills,10006,51301,1630,8872,3589,10923,35051,45766,6836,63888,21585,73800,20818
294,MEGHALAYA,East Garo Hills,1839,24550,288,2368,1167,4732,15115,15314,1875,30371,7915,46851,10343
295,MEGHALAYA,South Garo Hills,482,10940,179,1625,695,1700,6721,6235,932,12562,2347,15916,6492
296,MEGHALAYA,West Khasi Hills,476,32873,149,2462,1683,922,12548,19192,5504,57141,15981,29492,22687
297,MEGHALAYA,Ribhoi,2319,30676,291,1906,1865,1628,14471,20670,2586,42582,10414,30296,21866
298,MEGHALAYA,East Khasi Hills,41496,135941,5032,19306,15048,7975,79933,93619,9439,157217,109102,111335,112619
299,MEGHALAYA,Jaintia Hills,7150,41677,510,4333,4790,978,17352,30613,5113,61783,45836,30960,16522
300,ASSAM,Kokrajhar,15089,41373,1218,14063,2996,12191,32320,75903,22357,116870,28132,52532,5098
301,ASSAM,Dhubri,28963,72232,1828,26263,3672,15757,44414,139069,70456,198446,87966,179665,7876
302,ASSAM,Goalpara,21455,78641,1364,13524,4112,15292,42628,93630,23559,112139,60181,129311,4201
303,ASSAM,Barpeta,50806,84804,2078,25286,5560,24913,55319,151699,59957,188162,97152,243504,5966
304,ASSAM,Morigaon,20083,52404,1421,15145,3927,13952,32449,80962,26495,126801,65747,111528,5999
305,ASSAM,Nagaon,89206,195631,5121,45956,13979,47693,127523,271238,70948,385346,250174,422431,33210
306,ASSAM,Sonitpur,70047,133368,4358,31254,11760,39796,106909,163277,37004,310383,177951,228882,33448
307,ASSAM,Lakhimpur,32104,60296,1948,15011,6904,25699,45689,92394,18746,185022,73904,117971,10937
308,ASSAM,Dhemaji,16547,28195,1192,10410,3504,12293,25776,57166,12631,118022,37742,57995,2965
309,ASSAM,Tinsukia,70471,161718,5135,27948,13323,31363,111738,124737,13442,248246,167479,217556,25386
310,ASSAM,Dibrugarh,76292,136685,8817,34479,21112,44664,121737,139869,14749,262021,177759,214721,29708
311,ASSAM,Sivasagar,61450,123430,5146,22124,18234,44887,97792,137392,14573,235922,159205,183253,49397
312,ASSAM,Jorhat,71639,122063,5651,26357,16081,44159,92598,128081,16833,224498,145819,155435,65585
313,ASSAM,Golaghat,40889,82345,3073,17636,9295,27300,70930,103909,16875,210740,123520,153723,31806
314,ASSAM,Karbi Anglong,18763,53918,1923,11340,3934,13699,56689,78269,7435,143977,51860,96932,12163
315,ASSAM,Dima Hasao,9202,19389,524,3753,1326,2327,14210,18890,1761,37697,15921,29780,10812
316,ASSAM,Cachar,62135,140205,5316,37541,8700,22647,99887,168487,40800,357096,159266,298041,134160
317,ASSAM,Karimganj,28261,70951,1933,24699,3757,7289,38570,105749,35405,241033,98861,210254,31884
318,ASSAM,Hailakandi,11035,44143,1211,10615,2583,5589,19998,55345,23127,139747,49075,119292,24859
319,ASSAM,Bongaigaon,29937,49866,2523,12959,5837,16579,36350,78595,16667,91788,47000,84687,8885
320,ASSAM,Chirang,8135,22502,747,8627,1814,6568,16559,43203,10918,61760,14176,27951,2988
321,ASSAM,Kamrup,70272,122191,3109,23468,10052,34461,90941,164899,36453,211276,124575,180800,11130
322,ASSAM,Kamrup Metropolitan,223368,250861,29117,85123,53778,81305,212645,252808,14026,278156,252029,268146,87009
323,ASSAM,Nalbari,37849,68313,1631,12360,4785,18810,45938,86710,14560,134737,80855,103600,4373
324,ASSAM,Baksa,11281,44425,1175,13566,2479,11924,36032,86067,21348,153083,31673,75132,5135
325,ASSAM,Darrang,17676,45444,1166,12084,3533,13662,30616,72141,32272,89914,46789,95080,4865
326,ASSAM,Udalguri,13666,53507,1448,11893,2867,11591,44972,77068,17694,109868,34290,73729,16301
327,WEST BENGAL,Darjiling,141897,297176,10943,38065,15192,39828,222987,239601,26581,292986,196540,251140,130225
328,WEST BENGAL,Jalpaiguri,138522,382500,9322,48818,16431,67075,268908,332800,124572,772808,302540,428531,187441
329,WEST BENGAL,Koch Bihar,49914,186195,3534,34438,8121,32771,110969,215363,81510,651250,218408,399224,85766
330,WEST BENGAL,Uttar Dinajpur,39138,199307,2883,31210,8150,31859,105431,198832,75630,528452,179022,164644,31795
331,WEST BENGAL,Dakshin Dinajpur,37186,168069,2518,24318,6211,20163,103980,154925,45679,371447,86762,145974,30454
332,WEST BENGAL,Maldah,54213,297716,5357,63525,9639,41600,142659,295922,91699,764919,175732,266247,129224
333,WEST BENGAL,Murshidabad,92742,541169,7951,79729,14050,74313,296566,530442,250678,1456525,388157,617358,109233
334,WEST BENGAL,Birbhum,57010,333752,5210,39636,7305,54557,191514,272320,120717,663318,186877,195797,129079
335,WEST BENGAL,Barddhaman,292585,1049943,32323,141387,46714,263368,747286,930784,140985,1515718,804546,949552,615383
336,WEST BENGAL,Nadia,168314,623729,12787,77210,18658,76698,384314,544290,174104,1103326,456320,955780,199423
337,WEST BENGAL,North Twenty Four Parganas,791267,1608749,105185,307381,83803,194653,1151793,1475106,263800,1980105,1239559,1998032,887270
338,WEST BENGAL,Hugli,319815,965258,31725,118459,24013,167753,628340,780325,117110,1126309,613305,903933,442520
339,WEST BENGAL,Bankura,45126,334670,4273,34128,7898,72350,177819,297338,86775,569436,136050,153487,90581
340,WEST BENGAL,Puruliya,30675,189889,3551,32862,6602,49630,104489,191057,41751,522871,66231,67448,69266
341,WEST BENGAL,Haora,325053,796953,30751,99261,22295,122818,539312,659579,95136,910252,455139,768670,329473
342,WEST BENGAL,Kolkata,623579,927602,136618,252644,85605,117173,816141,857883,25859,942739,868116,915319,849526
343,WEST BENGAL,South Twenty Four Parganas,232355,837874,20665,115871,38610,86416,569137,869569,247610,1505903,406676,1108082,413818
344,WEST BENGAL,Paschim Medinipur,108068,663811,8970,62108,14598,136067,304905,533930,158882,981901,251410,582455,246740
345,WEST BENGAL,Purba Medinipur,55834,530761,9076,67707,14605,61199,225190,499045,189166,862604,166407,937702,123719
346,JHARKHAND,Garhwa,6798,29373,565,8881,2671,16578,21864,100748,11991,246623,37316,18018,9562
347,JHARKHAND,Chatra,5307,27037,590,9115,2110,15107,17627,82823,8083,173022,31242,18298,7066
348,JHARKHAND,Kodarma,11810,62318,845,7195,2538,17265,28323,78836,5058,107974,27914,18818,5781
349,JHARKHAND,Giridih,16909,125431,1944,19976,6290,57582,63911,242670,12272,374095,65411,42269,20116
350,JHARKHAND,Deoghar,26760,130193,1944,13550,3714,32553,64890,126305,12930,247077,51685,42762,10813
351,JHARKHAND,Godda,7421,43230,874,11925,1754,19859,25764,89533,22483,230346,35837,26348,9377
352,JHARKHAND,Sahibganj,11545,34879,591,9563,1285,10359,24604,64808,16479,201676,35220,34451,10049
353,JHARKHAND,Pakur,5316,31414,328,4535,923,9725,16500,39592,12684,154992,15762,18395,5590
354,JHARKHAND,Dhanbad,83995,427173,11568,46646,18631,131398,290580,328776,21010,462184,224918,198464,199454
355,JHARKHAND,Bokaro,67157,274726,9754,37997,21098,108998,179570,239204,14255,363868,149320,130956,101797
356,JHARKHAND,Lohardaga,8016,28769,351,2954,1102,10065,12504,32713,2753,89434,16335,13613,2682
357,JHARKHAND,Purbi Singhbhum,159644,382507,22042,63985,32092,147472,228411,274111,18391,440026,232536,234485,140971
358,JHARKHAND,Palamu,17270,68238,2155,19981,8015,29434,51012,167482,22064,340400,82133,46445,16934
359,JHARKHAND,Latehar,2177,38194,340,6240,1268,8012,10697,39512,3250,129376,16406,14317,3795
360,JHARKHAND,Hazaribagh,23057,176888,3532,18181,9803,51617,84424,201427,9791,284842,79996,59041,21574
361,JHARKHAND,Ramgarh,24095,149265,2876,12021,7418,43672,87482,117980,6531,165694,67272,58313,45344
362,JHARKHAND,Dumka,11836,62110,1193,10396,2912,23058,32443,75323,16157,244559,28625,26873,10184
363,JHARKHAND,Jamtara,5564,49419,808,4959,1632,16906,31194,55601,7099,126493,17759,14710,3369
364,JHARKHAND,Ranchi,164237,350908,22538,76565,34053,141089,247137,334055,19421,535287,237057,227932,101302
365,JHARKHAND,Khunti,3779,29157,417,4747,1016,7844,11314,27125,3491,99002,10069,8580,3831
366,JHARKHAND,Gumla,9108,31687,831,7807,2181,16146,18701,55186,5727,183322,19181,19545,7231
367,JHARKHAND,Simdega,3472,16865,423,4649,1158,9742,7606,27504,3524,113047,9228,9547,3519
368,JHARKHAND,Pashchimi Singhbhum,19441,121955,1959,12472,3704,31568,40486,76341,12216,285348,34881,35357,29479
369,JHARKHAND,Saraikela-Kharsawan,26118,138131,2606,12081,4584,36326,60378,90836,7770,208789,46324,44330,25817
370,ORISSA,Bargarh,16880,166909,2401,12343,4546,48055,106176,123180,30376,339958,43913,60231,62792
371,ORISSA,Jharsuguda,18950,81433,2498,7555,3966,32916,57831,65742,7804,125891,34457,35184,24394
372,ORISSA,Sambalpur,33612,126498,5231,14521,5946,47662,91058,104722,17479,230568,56306,56878,60077
373,ORISSA,Debagarh,2236,22453,825,3247,1033,7347,10554,19048,9766,65145,5845,6971,5477
374,ORISSA,Sundargarh,77581,223537,12787,35024,14641,102703,164585,214427,25108,444791,139057,132466,93762
375,ORISSA,Kendujhar,30240,121830,2622,13167,7608,57029,74858,134123,34528,362680,55207,61402,41186
376,ORISSA,Mayurbhanj,29031,140189,2950,17999,6279,62502,83167,166662,50298,499979,61298,109355,37517
377,ORISSA,Baleshwar,36478,296834,7370,28289,8591,75401,161266,256167,58731,326787,99843,145565,71889
378,ORISSA,Bhadrak,15864,164636,2637,15609,3670,34791,86821,165031,27106,190084,58614,62233,13097
379,ORISSA,Kendrapara,15879,173107,1628,11836,2686,37980,96234,172218,24676,192470,53594,58387,26190
380,ORISSA,Jagatsinghapur,20225,139646,3199,13312,4349,44412,87312,150044,17781,185956,69329,65115,30099
381,ORISSA,Cuttack,103177,349587,15046,40589,15494,132934,236867,298570,51919,430691,189715,205665,123194
382,ORISSA,Jajapur,25969,192249,3831,17922,5921,54436,106545,174831,57308,273595,93232,93204,28238
383,ORISSA,Dhenkanal,19846,117172,1810,10600,3533,36224,66148,98136,31143,227629,43089,51080,17395
384,ORISSA,Anugul,27099,131916,5564,15658,9449,58323,77495,117477,32968,234844,57679,71436,41387
385,ORISSA,Nayagarh,11159,124984,1163,8278,2270,24290,50425,88288,27292,156951,30424,43798,32053
386,ORISSA,Khordha,160277,349860,35701,75588,33514,165342,253754,324544,33554,402397,230931,230413,147354
387,ORISSA,Puri,33331,201605,3416,16006,4693,57033,118112,178144,38498,235879,83906,87997,34363
388,ORISSA,Ganjam,120191,405298,9049,41059,9066,100866,257515,368877,65239,622010,170397,215821,196326
389,ORISSA,Gajapati,12035,63112,635,5523,656,8521,23672,34820,7448,113338,21818,23322,27133
390,ORISSA,Kandhamal,6938,28736,768,6609,1278,11947,19477,37068,11372,146761,16664,19176,8309
391,ORISSA,Baudh,3105,19191,245,3430,755,7778,13253,24261,5084,95521,8015,11585,4637
392,ORISSA,Subarnapur,5168,50028,708,4289,1332,14201,31103,43134,10850,139634,13293,15651,11679
393,ORISSA,Balangir,21268,123446,3286,17274,4629,43512,83505,125574,30207,403589,47324,65156,44064
394,ORISSA,Nuapada,6414,43976,757,4221,1346,12482,21975,38600,7854,150673,15564,23219,16217
395,ORISSA,Kalahandi,17610,91171,1953,12622,3547,34156,58571,95057,37486,385893,43839,47442,19264
396,ORISSA,Rayagada,24924,61543,1553,9166,2090,19440,42998,56834,12391,206721,38841,33500,41952
397,ORISSA,Nabarangapur,9347,34570,1324,8128,2030,21081,23582,56803,12035,237209,30611,25523,15353
398,ORISSA,Koraput,39631,85766,3988,17294,6922,37192,60021,87649,18233,295520,74594,58682,53017
399,ORISSA,Malkangiri,4738,24604,448,3908,820,10535,16397,26853,10287,113176,14559,12839,8613
400,CHHATTISGARH,Koriya,25605,80023,1667,7609,3402,26365,38765,50432,2956,147705,38370,35636,36605
401,CHHATTISGARH,Surguja,29433,253131,2737,18983,8096,56480,74614,118767,10854,509518,59109,130736,36922
402,CHHATTISGARH,Jashpur,6628,76783,567,5755,2442,15547,20512,35940,3260,187151,13683,27142,7961
403,CHHATTISGARH,Raigarh,27771,297308,3342,13857,5979,50302,98784,96724,16465,337072,50603,69909,71114
404,CHHATTISGARH,Korba,43357,202380,4544,18004,8677,55579,95963,90312,7336,263439,67505,77854,59627
405,CHHATTISGARH,Janjgir - Champa,19129,339090,1706,10833,3976,42565,126788,109908,20404,339072,39301,57417,51202
406,CHHATTISGARH,Bilaspur,77727,519704,8566,30892,13137,84851,193337,177334,29106,586579,135945,171271,152156
407,CHHATTISGARH,Kabeerdham,6375,150649,682,2962,1496,17444,36347,42291,10808,169558,18081,23347,23473
408,CHHATTISGARH,Rajnandgaon,26486,275501,2111,11790,4613,44532,106198,102053,10125,302710,59145,78798,72754
409,CHHATTISGARH,Durg,129193,614109,16141,51289,28840,177048,343369,315664,27306,663000,235446,228551,248578
410,CHHATTISGARH,Raipur,166505,728556,20261,59523,30572,177517,378113,340237,42010,803533,259502,267090,228246
411,CHHATTISGARH,Mahasamund,13200,212487,961,5614,3546,31472,68012,65540,11751,238810,26449,48150,32733
412,CHHATTISGARH,Dhamtari,14568,148926,1016,4804,3069,30621,67737,55660,6857,161955,29042,50033,52879
413,CHHATTISGARH,Uttar Bastar Kanker,7736,110208,579,4084,1932,19503,37017,36065,4755,150411,21153,31240,17399
414,CHHATTISGARH,Bastar,22075,157646,1782,9042,4227,32802,50155,58619,10134,296904,48350,62326,49120
415,CHHATTISGARH,Narayanpur,1384,9316,86,589,196,1976,4126,4069,1097,25089,3354,2892,4432
416,CHHATTISGARH,Dakshin Bastar Dantewada,10406,43608,955,3879,1827,10771,16799,21606,3603,104705,19687,17471,14034
417,CHHATTISGARH,Bijapur,1022,12516,117,1462,305,2625,4215,5033,2072,44058,7780,2843,1982
418,MADHYA PRADESH,Sheopur,11701,74770,273,5393,1634,17878,29266,57366,7284,114253,38510,18710,20123
419,MADHYA PRADESH,Morena,45113,131486,1781,20172,5829,48525,89156,195957,16448,332939,183336,75574,47948
420,MADHYA PRADESH,Bhind,32268,107819,1166,14368,4463,46137,75539,177168,12179,285941,181907,68734,39417
421,MADHYA PRADESH,Gwalior,165061,306859,15779,46454,21313,126189,232840,253163,11032,345303,278747,221052,163561
422,MADHYA PRADESH,Datia,17555,97696,616,5251,2897,25575,55966,89056,4447,150242,90102,35209,21821
423,MADHYA PRADESH,Shivpuri,35706,148128,1852,15304,5417,48952,71501,148509,14267,293612,111617,52090,38459
424,MADHYA PRADESH,Tikamgarh,21489,132725,1090,10899,4139,35388,62828,140118,8480,282893,95728,30506,17280
425,MADHYA PRADESH,Chhatarpur,36506,176056,1880,15567,6206,48339,82967,180063,8958,353944,120424,56851,25858
426,MADHYA PRADESH,Panna,13285,76097,653,8501,2219,18488,30800,82991,6807,222219,46827,23811,20499
427,MADHYA PRADESH,Sagar,68482,366494,4546,24811,11291,71201,160622,213013,21092,488714,251779,127876,108648
428,MADHYA PRADESH,Damoh,23270,187731,1432,10504,3031,28333,66044,104780,13991,288272,90156,43355,37933
429,MADHYA PRADESH,Satna,55196,294702,3754,22751,9401,64484,117176,212078,10675,460701,120969,142613,51222
430,MADHYA PRADESH,Rewa,45180,251132,3406,31194,11833,67856,109351,237937,11774,520946,113424,126470,40976
431,MADHYA PRADESH,Umaria,12713,67975,839,6360,1873,14918,22502,39260,5561,139642,23450,19781,17731
432,MADHYA PRADESH,Neemuch,34666,145258,1945,8342,4498,47549,73279,105328,4244,154169,81157,46190,74329
433,MADHYA PRADESH,Mandsaur,47723,239885,2324,12507,5435,62695,109904,166980,6248,269750,137166,68287,100429
434,MADHYA PRADESH,Ratlam,67830,213825,3644,14905,5757,67819,107463,146318,8593,287465,151425,96263,92722
435,MADHYA PRADESH,Ujjain,123526,323379,7501,27733,12167,107407,181659,248508,11795,375722,260973,165304,129402
436,MADHYA PRADESH,Shajapur,32204,232735,1382,10797,4200,49847,88946,160720,12061,290964,164788,68975,57416
437,MADHYA PRADESH,Dewas,59521,270457,3518,16523,9017,77281,124826,168269,15967,291655,193157,112895,64926
438,MADHYA PRADESH,Dhar,75637,349639,2388,18626,8080,85477,123750,183741,18345,409621,198890,126246,122739
439,MADHYA PRADESH,Indore,417170,593576,48691,111478,64865,286973,464337,479762,19449,602097,545277,480633,291070
440,MADHYA PRADESH,Khargone (West Nimar),51538,304291,2162,14189,4992,67290,111950,146889,21346,357719,207464,82265,176601
441,MADHYA PRADESH,Barwani,30115,181139,1158,8516,3102,31152,48847,70169,12134,236395,95231,45979,70117
442,MADHYA PRADESH,Rajgarh,30688,231130,1611,12718,4185,46026,76942,150010,20452,333957,146783,54463,44489
443,MADHYA PRADESH,Vidisha,41617,181510,1926,12888,5682,55126,96565,150643,8340,290809,190365,73505,47389
444,MADHYA PRADESH,Bhopal,281442,452912,40788,94729,60383,213130,339750,353909,14353,477778,420371,352351,290507
445,MADHYA PRADESH,Sehore,30868,212138,1566,11166,6041,60435,100011,141356,14775,245577,144152,80229,42540
446,MADHYA PRADESH,Raisen,34499,194373,1141,9931,6017,48130,87258,133315,17777,265409,153849,82664,55642
447,MADHYA PRADESH,Betul,45270,230974,2109,13755,5740,59230,94586,121106,14436,317408,184872,81190,88762
448,MADHYA PRADESH,Harda,22174,95066,986,5376,3556,30952,45661,63615,7758,106844,71326,51766,21860
449,MADHYA PRADESH,Hoshangabad,61415,198076,2871,14456,7335,67460,112371,138517,20360,242346,166373,122069,64944
450,MADHYA PRADESH,Katni,38086,172416,2179,13094,3958,35359,76207,100862,11531,275663,74604,56180,50054
451,MADHYA PRADESH,Jabalpur,192581,452023,20443,58601,26487,154678,285248,274726,21458,495406,326960,286802,229977
452,MADHYA PRADESH,Narsimhapur,28462,172144,1603,9751,4664,39769,71602,90668,22660,235787,114992,87038,54904
453,MADHYA PRADESH,Dindori,4576,62372,554,6447,1291,7979,13765,25956,4722,165866,12242,9945,11475
454,MADHYA PRADESH,Mandla,18413,143803,912,9042,2246,19880,40591,51683,10629,243211,41648,33217,33609
455,MADHYA PRADESH,Chhindwara,73284,344875,3588,20034,8235,75332,138316,150476,20823,427305,245014,111901,164167
456,MADHYA PRADESH,Seoni,26893,228695,1182,10417,4048,37873,66919,84804,14979,303513,112129,68267,65941
457,MADHYA PRADESH,Balaghat,27283,277927,1712,13306,4045,46168,82475,100910,20200,373515,178778,73522,38273
458,MADHYA PRADESH,Guna,34184,144248,2482,11740,5968,43568,80642,120895,7267,232368,118411,47903,46271
459,MADHYA PRADESH,Ashoknagar,15886,84720,619,6016,2373,23638,42898,81251,4250,161138,87957,26227,17501
460,MADHYA PRADESH,Shahdol,24255,113184,1733,10817,3819,29839,45685,72253,7118,239921,45831,43590,26235
461,MADHYA PRADESH,Anuppur,23388,81338,1290,7266,2895,29063,41067,57032,3306,162326,35107,29828,29861
462,MADHYA PRADESH,Sidhi,9569,102228,837,10790,3320,18017,26502,82709,4541,231835,27536,17833,8738
463,MADHYA PRADESH,Singrauli,22141,73091,2627,13939,6599,31059,34162,81892,4761,226637,34183,26814,18880
464,MADHYA PRADESH,Jhabua,16683,125411,744,5591,2215,20076,22470,60130,10035,204203,46247,24293,22215
465,MADHYA PRADESH,Alirajpur,9021,81006,297,5126,1174,9888,11262,33439,5156,129506,29985,13859,7327
466,MADHYA PRADESH,Khandwa (East Nimar),40893,202710,1907,10404,3697,44522,78218,100376,19551,258399,161049,71544,89058
467,MADHYA PRADESH,Burhanpur,40478,112420,986,5058,2142,22453,58527,55999,8078,136804,110403,50613,95022
468,GUJARAT,Kachchh,140067,403294,9631,31961,28788,140540,250397,339331,4781,309632,329920,280257,367140
469,GUJARAT,Banas Kantha,84832,396873,3424,23149,22723,68665,144792,369986,20278,371169,229091,146022,347860
470,GUJARAT,Patan,66310,223424,2231,12870,7802,41235,108006,176829,8834,194944,157715,123977,233095
471,GUJARAT,Mahesana,180985,385609,7759,33731,25163,119579,245131,301436,9516,340058,290574,232825,375792
472,GUJARAT,Sabar Kantha,99037,438606,5262,25425,22379,122399,180909,269423,9640,371683,231094,182583,294228
473,GUJARAT,Gandhinagar,132683,262539,12107,33662,26385,106981,178594,204833,5300,206928,193174,171166,257436
474,GUJARAT,Ahmadabad,965017,1456046,126341,273651,174812,692591,1159650,1196482,12177,1378412,1295122,1241055,1265476
475,GUJARAT,Surendranagar,77857,302068,2975,15309,10088,99436,177591,246026,7009,268228,192991,120741,238259
476,GUJARAT,Rajkot,362140,747352,21785,67370,55289,428744,571843,651936,9724,689314,593448,543342,651594
477,GUJARAT,Jamnagar,142974,386538,11573,30384,20471,185194,270555,331968,5665,318502,285899,242841,290541
478,GUJARAT,Porbandar,41686,117040,1653,5639,4395,45156,80820,92715,2269,93729,79955,72287,77490
479,GUJARAT,Junagadh,144561,498326,6628,26991,17447,195597,318954,406578,8371,423662,344568,313730,336428
480,GUJARAT,Amreli,80378,273331,2538,12765,10236,113906,164282,222389,4500,234962,201157,173045,200362
481,GUJARAT,Bhavnagar,171327,500757,7297,28925,17517,200864,293361,400446,7301,422064,375112,292210,390572
482,GUJARAT,Anand,147122,378310,9902,32523,19352,104613,203467,244185,7967,344329,254683,230571,323542
483,GUJARAT,Kheda,99982,372226,5710,24502,12788,84414,171342,218734,10647,349334,220959,172599,302055
484,GUJARAT,Panch Mahals,59096,398937,3456,19753,9656,72703,90896,214889,10692,421258,181557,121676,121463
485,GUJARAT,Dohad,28030,241117,1733,13497,5222,40551,41178,152144,6618,320408,87445,43164,32287
486,GUJARAT,Vadodara,411734,798277,53606,117818,72630,351423,497049,583926,11888,820324,632580,543474,639002
487,GUJARAT,Narmada,12997,101940,576,4081,2442,18771,31194,43827,1669,116515,65190,27223,41369
488,GUJARAT,Bharuch,121542,309091,10257,29531,21579,104126,178535,215142,4023,308906,261660,204943,253257
489,GUJARAT,The Dangs,2029,29794,137,1393,991,5662,9262,11148,495,47460,20702,13736,8485
490,GUJARAT,Navsari,114620,267679,6726,24397,18669,115177,153431,191691,3581,281244,201380,168150,148017
491,GUJARAT,Valsad,137209,329218,11020,31285,23938,128491,188248,242422,4137,346809,232568,170861,119981
492,GUJARAT,Surat,815423,1252452,55694,149331,106983,530528,788447,995637,8298,1275151,1150519,1103767,1047402
493,GUJARAT,Tapi,27759,142370,1601,7567,5534,41058,52359,75676,1755,171225,105297,49441,45663
494,DAMAN AND DIU,Diu,6177,10575,368,1055,398,4820,8405,9001,24,9252,9011,6282,10499
495,DAMAN AND DIU,Daman,25844,49249,1316,4543,3163,14167,28433,43171,313,47373,40804,40951,34905
496,DADRA AND NAGAR HAVELI,Dadra AND Nagar Haveli,29101,69558,2013,6017,4136,18647,34467,45973,368,70851,48312,39999,34001
497,MAHARASHTRA,Nandurbar,54335,186202,2579,17047,6135,39350,83144,101758,12229,307273,209973,91574,181543
498,MAHARASHTRA,Dhule,126138,315332,6065,27139,10912,74859,174524,210557,12099,387619,324594,127610,343030
499,MAHARASHTRA,Jalgaon,350029,720791,14297,56775,19560,170551,431221,459652,38533,810168,764674,316969,790910
500,MAHARASHTRA,Buldana,103898,423036,4767,24877,10034,84546,225282,293299,33751,481806,451231,195038,299430
501,MAHARASHTRA,Akola,107463,314490,6163,24232,9037,72460,176674,195210,23055,356809,342367,180311,229535
502,MAHARASHTRA,Washim,36840,196022,1875,10757,3623,37729,97022,125662,15533,241170,210412,87120,106117
503,MAHARASHTRA,Amravati,175917,512492,9438,36185,15285,124261,302188,295756,34409,605336,553087,342031,496146
504,MAHARASHTRA,Wardha,114029,266155,4313,16260,6970,70849,170620,166398,23351,289664,260962,171680,192075
505,MAHARASHTRA,Nagpur,599780,917626,57964,135750,71592,426007,728714,719955,46097,967598,914291,753520,760675
506,MAHARASHTRA,Bhandara,55948,227025,2932,13165,5184,54974,117299,131424,19822,259055,207488,168707,104699
507,MAHARASHTRA,Gondiya,38044,239981,2866,13595,5074,49085,104997,123673,14238,271917,174150,151792,50702
508,MAHARASHTRA,Gadchiroli,31014,145459,1663,11064,3098,29827,63613,73787,20007,224789,141192,66240,47920
509,MAHARASHTRA,Chandrapur,172661,418666,8239,31419,12746,113039,229635,250418,45698,498914,409521,229471,215128
510,MAHARASHTRA,Yavatmal,134500,446516,6094,29917,12132,99346,245261,279184,46620,599805,508756,198454,281437
511,MAHARASHTRA,Nanded,116284,488748,7548,43055,12341,83106,216364,384823,44689,556481,505657,217163,308749
512,MAHARASHTRA,Hingoli,27700,159114,1221,9676,3833,29815,73640,134812,12784,206387,180484,73460,81482
513,MAHARASHTRA,Parbhani,59272,272486,3982,21196,6973,50197,135933,224888,25942,275622,270114,103819,148444
514,MAHARASHTRA,Jalna,60219,288895,3791,17236,8400,75655,158182,255420,24008,278273,301447,141841,160526
515,MAHARASHTRA,Aurangabad,246324,589477,23258,69937,33322,230188,403594,526483,38022,614224,616355,360410,459847
516,MAHARASHTRA,Nashik,536781,904710,45039,138887,79590,396040,630639,798663,50036,1107241,1000293,551864,745698
517,MAHARASHTRA,Thane,1610460,2231800,256170,551643,172210,499186,1741244,2011713,51874,2375413,2207808,1627847,1964564
518,MAHARASHTRA,Mumbai Suburban,1586946,1964657,404757,652946,259702,310929,1725154,1918659,28170,1999138,1918734,1108623,1956872
519,MAHARASHTRA,Mumbai,494883,625927,121344,204234,80168,105842,543699,602209,9825,621109,610641,427208,623468
520,MAHARASHTRA,Raigarh,328277,547206,38570,96301,43536,158119,374021,453122,15724,574723,547214,369857,440717
521,MAHARASHTRA,Pune,1410448,1925019,235018,490260,273326,1013058,1555272,1792197,53670,1962040,1915302,1531966,1674141
522,MAHARASHTRA,Ahmadnagar,300116,677592,18370,68902,41423,320361,474009,639160,57605,694310,685370,415902,454298
523,MAHARASHTRA,Bid,82098,402052,5614,29198,12836,91909,205352,346380,38598,330203,374363,136943,230929
524,MAHARASHTRA,Latur,96018,381722,6217,29758,13150,81052,190739,302745,23432,406711,380772,178478,276749
525,MAHARASHTRA,Osmanabad,49180,240042,3209,18183,7974,51577,117741,200323,19674,266231,271812,96586,197371
526,MAHARASHTRA,Solapur,248255,595560,15145,59296,28219,229240,376000,576726,50495,707954,698690,355107,489698
527,MAHARASHTRA,Satara,271186,562653,14093,57423,36046,195582,374085,463058,30714,602990,575804,455235,470030
528,MAHARASHTRA,Ratnagiri,100860,367352,7752,31062,15191,61559,163470,258015,14800,382573,348019,273162,237852
529,MAHARASHTRA,Sindhudurg,42540,194228,3517,15721,9264,37159,98475,131855,9120,198711,181343,155696,62947
530,MAHARASHTRA,Kolhapur,340318,770005,22269,71879,49081,283565,507573,595768,14348,800038,771669,612194,701593
531,MAHARASHTRA,Sangli,227034,485126,13212,49056,29515,190760,310230,415009,25685,556209,517310,380072,393990
532,ANDHRA PRADESH,Adilabad,194954,566108,5512,45202,8338,96998,306433,403530,35823,510399,378259,191052,270862
533,ANDHRA PRADESH,Nizamabad,186740,545913,5261,35036,10088,102049,308270,428744,22717,448674,428790,245523,450359
534,ANDHRA PRADESH,Karimnagar,344667,926768,8831,46584,14175,192965,589283,691495,42493,642642,675283,452865,681510
535,ANDHRA PRADESH,Medak,163074,604719,8635,47170,14362,119276,349304,482440,24473,508133,421856,293838,494042
536,ANDHRA PRADESH,Hyderabad,581509,869721,149034,274653,124106,439890,746818,799174,8198,868553,873099,868186,862054
537,ANDHRA PRADESH,Rangareddy,773246,1211352,142879,291745,125225,498040,949853,1094233,14077,1178203,1101926,1028259,1099746
538,ANDHRA PRADESH,Mahbubnagar,136843,757821,6153,60812,12615,121553,362791,570261,48768,595275,508140,231015,681260
539,ANDHRA PRADESH,Nalgonda,228818,789225,7715,53777,18927,143010,464172,588791,45358,460960,479824,355700,598439
540,ANDHRA PRADESH,Warangal,237349,828077,12952,59006,15727,139404,462819,568508,62158,476334,504897,388583,597926
541,ANDHRA PRADESH,Khammam,219710,668519,8628,42171,11887,115078,416734,427722,33533,435972,403739,360531,468045
542,ANDHRA PRADESH,Srikakulam,149554,615432,3988,32280,5264,64087,297418,332230,21961,548681,178089,146386,179917
543,ANDHRA PRADESH,Vizianagaram,140361,527736,4453,24128,5002,61858,278230,265587,17903,443111,242486,131289,259205
544,ANDHRA PRADESH,Visakhapatnam,495389,1010250,45492,124729,46469,241192,666976,657824,24517,881691,679351,577722,634191
545,ANDHRA PRADESH,East Godavari,479914,1297273,22411,93784,25381,232073,821421,732492,46973,869294,869464,800168,908806
546,ANDHRA PRADESH,West Godavari,435334,1017568,12050,55613,14687,182698,648607,578252,46343,645717,720167,694857,900503
547,ANDHRA PRADESH,Krishna,632890,1163932,30438,101450,27969,212111,794346,743696,41217,838939,897201,863417,903992
548,ANDHRA PRADESH,Guntur,648568,1186028,19383,80434,17424,190079,816849,733133,44968,917356,904201,762845,739450
549,ANDHRA PRADESH,Prakasam,290947,763746,6151,43611,9071,105940,468022,494689,32095,518496,528518,321332,481021
550,ANDHRA PRADESH,Sri Potti Sriramulu Nellore,233623,696024,10201,39583,11661,108096,486148,443579,28228,432631,519318,306095,529838
551,ANDHRA PRADESH,Y.S.R.,209532,671764,6667,39923,7558,98736,409629,439641,14710,509140,586881,314726,598146
552,ANDHRA PRADESH,Kurnool,195001,816721,10081,56478,10622,118153,543044,572406,24332,752035,702120,353289,696977
553,ANDHRA PRADESH,Anantapur,223016,897970,8606,48299,9915,144214,559461,581087,23899,713663,755971,353948,819675
554,ANDHRA PRADESH,Chittoor,324406,944555,13763,67087,16296,186568,611465,632803,30849,777100,754648,382377,835606
555,KARNATAKA,Belgaum,240742,808827,17560,73497,35104,228887,468274,641485,37900,937023,779974,316225,520520
556,KARNATAKA,Bagalkot,49345,301389,3745,26297,9726,69279,161280,234284,16701,347234,272956,66813,225386
557,KARNATAKA,Bijapur,58890,326594,4987,36571,11722,67663,164015,284523,23818,377850,297164,73300,195318
558,KARNATAKA,Bidar,34924,271439,3971,36072,9724,44813,116314,187983,14105,249676,214601,72805,158928
559,KARNATAKA,Raichur,51443,314547,5200,33903,11104,70603,162411,242634,22101,317276,286629,74326,219549
560,KARNATAKA,Koppal,31673,223166,2135,15263,6211,45100,113995,166636,12698,245348,218749,47931,186903
561,KARNATAKA,Gadag,31959,198064,3373,15625,5205,30957,104708,128416,9721,212163,191541,45668,156686
562,KARNATAKA,Dharwad,140584,347962,15013,49585,21127,91208,233604,266330,10402,366405,349008,212091,300159
563,KARNATAKA,Uttara Kannada,88187,290791,6129,21501,13152,73848,168026,218382,17386,308373,291554,189843,87791
564,KARNATAKA,Haveri,41517,295937,2456,17819,5681,47577,155076,194815,14680,318534,288495,121420,244655
565,KARNATAKA,Bellary,114040,440374,9626,40190,14163,111250,291101,327050,21554,445290,417150,156110,388435
566,KARNATAKA,Chitradurga,60522,307257,5711,28897,7425,55959,174344,206637,18054,311189,270699,107142,232128
567,KARNATAKA,Davanagere,100812,372671,7320,39416,15449,90291,256051,284572,19580,391623,353628,188046,282186
568,KARNATAKA,Shimoga,128087,363835,8791,35207,20781,111532,259899,299155,23385,391602,369749,286129,262501
569,KARNATAKA,Udupi,83810,224814,9070,24817,21349,65169,173033,220948,8769,240112,229830,214808,45737
570,KARNATAKA,Chikmagalur,74534,238505,4510,18727,15446,59192,169969,196527,13420,264535,246504,167369,186014
571,KARNATAKA,Tumkur,116539,562769,7971,41751,14929,137806,321848,372910,32324,599045,519944,206821,425369
572,KARNATAKA,Bangalore,1788912,2330631,430880,790103,414862,1053876,2042977,2180792,28775,2339026,2330659,2254599,1880155
573,KARNATAKA,Mandya,80452,391033,3367,20265,8188,96273,236020,265094,18238,415226,388674,159818,330827
574,KARNATAKA,Hassan,90599,400702,4851,23444,14979,97603,272295,307439,23092,421599,403052,171212,272269
575,KARNATAKA,Dakshina Kannada,175270,386300,23305,55233,47655,97610,285365,375945,11507,416185,404062,394069,185763
576,KARNATAKA,Kodagu,40958,113931,3308,10758,16963,22161,83016,104109,6032,134858,125535,112626,66724
577,KARNATAKA,Mysore,273706,640868,28397,80086,40420,211066,441131,472605,27304,669758,611989,378503,567444
578,KARNATAKA,Chamarajanagar,40944,212156,1334,11863,3122,36601,112332,122899,16032,221107,175226,57295,155514
579,KARNATAKA,Gulbarga,77334,404767,9752,52483,12872,73797,222126,307848,13941,408341,340251,118792,264350
580,KARNATAKA,Yadgir,18978,156222,1410,13216,4365,23524,61249,118907,10036,172593,139493,22523,94346
581,KARNATAKA,Kolar,72407,309494,5051,27235,9208,85198,209698,223139,13253,314509,242038,141675,208954
582,KARNATAKA,Chikkaballapura,50936,257243,2672,17360,6620,57408,152493,167548,11839,266111,189857,102957,201796
583,KARNATAKA,Bangalore Rural,77454,214253,3729,17066,10389,69005,156967,165588,7070,216427,201156,179589,150162
584,KARNATAKA,Ramanagara,46872,238926,2844,18003,5537,49046,141873,148199,15606,248258,222082,108891,210395
585,GOA,North Goa,132612,173951,23440,56266,44342,101378,146307,158921,2494,173494,159976,140924,150059
586,GOA,South Goa,102191,138810,17624,44299,35031,82436,115535,128759,2420,137639,129135,116414,125635
587,LAKSHADWEEP,Lakshadweep,1779,10669,327,1501,245,4109,6855,10023,83,7325,10394,10467,2168
588,KERALA,Kasaragod,74092,237670,10378,32484,19438,34267,179664,239445,15463,261196,236961,245747,36736
589,KERALA,Kannur,115356,511167,32653,83940,44108,76530,423337,503214,19594,533052,497016,530436,63652
590,KERALA,Wayanad,23028,149864,4712,15944,13027,22721,109972,155220,16489,172322,146524,170170,41863
591,KERALA,Kozhikode,145558,641660,36791,107602,54277,149330,490719,632201,31308,660228,613671,668842,143663
592,KERALA,Malappuram,139994,730119,27909,119918,59145,138096,485406,720497,26689,739014,692169,754074,115058
593,KERALA,Palakkad,178386,587583,27162,69440,43458,145549,447169,533223,30589,592131,511877,564142,269352
594,KERALA,Thrissur,338350,721625,56148,132774,84016,220583,616644,671105,33002,720918,712186,727823,204494
595,KERALA,Ernakulam,499291,771287,88737,184167,135307,322394,696129,741106,29359,770185,739614,774743,453148
596,KERALA,Idukki,54626,244844,8250,24863,21976,35855,207519,247060,22104,265219,203816,246878,83659
597,KERALA,Kottayam,187213,464039,37849,83999,73096,122177,406922,451226,19478,467182,416985,464124,110023
598,KERALA,Alappuzha,274392,507913,28842,71593,42404,144891,425707,466736,37188,495156,445638,490935,184698
599,KERALA,Pathanamthitta,128889,302296,21015,49466,43382,80551,255822,291089,14893,307917,256556,300484,61113
600,KERALA,Kollam,263148,630767,31542,83133,58867,144080,525754,569631,43764,640554,532705,626758,179861
601,KERALA,Thiruvananthapuram,343590,783872,71621,155321,96456,220675,658734,697741,66500,796526,613196,780821,316393
602,TAMIL NADU,Thiruvallur,621907,909400,75634,174279,54505,363741,857364,772398,17057,805187,786843,636991,625071
603,TAMIL NADU,Chennai,910262,1096334,217368,355838,146388,515581,1055696,1017122,9435,1092062,1073399,1057802,908587
604,TAMIL NADU,Kancheepuram,622095,961161,100322,200738,68427,418526,904619,832716,13344,822329,805076,651240,732354
605,TAMIL NADU,Vellore,417535,865913,20623,69912,20393,286002,797713,653681,18371,668730,693191,381181,765045
606,TAMIL NADU,Tiruvannamalai,176242,549077,6445,27529,7851,138956,505170,389329,12541,349169,262010,135162,496596
607,TAMIL NADU,Viluppuram,228172,748444,8472,43311,13030,184050,676077,547305,15143,459716,307759,169801,663958
608,TAMIL NADU,Salem,448968,835377,20660,63867,30660,352121,749932,650064,16423,681331,573822,321173,723966
609,TAMIL NADU,Namakkal,265276,441044,8960,31581,18550,212434,418420,352439,7462,378236,330625,194417,365810
610,TAMIL NADU,Erode,371015,595211,18604,58861,33405,288543,557479,483430,10196,529392,503567,322847,511890
611,TAMIL NADU,The Nilgiris,86277,180261,4561,17935,9543,15344,180262,149269,3912,189478,153523,103216,157127
612,TAMIL NADU,Dindigul,209640,500057,9155,38677,15538,147737,458486,379839,9191,458498,356703,187447,459347
613,TAMIL NADU,Karur,135831,264949,4915,17995,10648,117119,250010,210748,4724,221882,168148,118708,250198
614,TAMIL NADU,Tiruchirappalli,333478,651621,30046,79588,28571,234290,592152,537414,12804,556177,398567,340058,607773
615,TAMIL NADU,Perambalur,49390,135751,1507,7745,2259,32178,125953,103116,2940,119795,56453,33135,122903
616,TAMIL NADU,Ariyalur,39642,177502,1749,8371,2937,40913,165150,134358,6348,159746,40121,35933,173304
617,TAMIL NADU,Cuddalore,244610,598412,15396,50938,19828,178515,555029,470021,13516,455369,293116,230004,498446
618,TAMIL NADU,Nagapattinam,143846,381940,5585,19692,9042,86939,362211,282418,12469,352112,155663,163184,266938
619,TAMIL NADU,Thiruvarur,109580,303114,4416,15535,6790,72916,287260,225629,11980,295870,116640,130231,244534
620,TAMIL NADU,Thanjavur,223044,555582,13495,42912,17231,161750,522490,446982,21937,514461,275134,272623,499900
621,TAMIL NADU,Pudukkottai,82967,354493,4494,18272,7882,110324,324444,286329,14516,245499,112174,109247,301552
622,TAMIL NADU,Sivaganga,113822,314270,5773,24456,8222,91250,304124,258837,8534,246861,149850,139173,235593
623,TAMIL NADU,Madurai,391821,754141,34097,95311,30852,228557,708942,618922,10479,714764,551839,472221,678712
624,TAMIL NADU,Theni,147529,312310,4667,18830,6607,58034,291879,209456,5614,304761,275383,134167,320379
625,TAMIL NADU,Virudhunagar,235005,505950,10219,37357,9845,119486,457317,353909,7084,498189,317795,167021,453098
626,TAMIL NADU,Ramanathapuram,100484,291400,5172,22379,5524,49605,284169,252000,8534,244729,130578,120474,190837
627,TAMIL NADU,Thoothukkudi,200616,437916,11455,35791,14650,124851,407876,344974,7586,395509,289243,232062,397652
628,TAMIL NADU,Tirunelveli,361760,779130,19070,63590,24290,195295,694984,571195,11111,716049,471783,390799,731794
629,TAMIL NADU,Kanniyakumari,199188,465692,15673,52943,21577,115092,438938,398548,14252,444622,300602,427853,318483
630,TAMIL NADU,Dharmapuri,104785,337972,3651,18927,5843,107968,310765,258752,8871,229150,181094,72402,212222
631,TAMIL NADU,Krishnagiri,151246,409237,9619,38239,13381,150122,383553,321489,8121,343998,291593,148607,340224
632,TAMIL NADU,Coimbatore,675153,896325,63273,149920,87211,445588,841918,777347,9138,895691,852521,630809,886960
633,TAMIL NADU,Tiruppur,463530,655073,17181,55311,43477,333579,609808,560785,7814,644967,592867,400593,611353
634,PONDICHERRY,Yanam,10399,12859,207,597,226,2571,7393,7831,99,11258,11899,10895,13301
635,PONDICHERRY,PONDICHERRY,170120,226316,15437,34007,13245,116241,193771,190330,3787,203651,197582,157959,226748
636,PONDICHERRY,Mahe,3632,7150,574,1484,858,1747,6488,6913,76,7170,7105,7041,1604
637,PONDICHERRY,Karaikal,28366,47880,1868,4870,2550,19793,38869,38555,816,46796,34908,30326,45373
638,ANDAMAN AND NICOBAR ISLANDS,Nicobars,3644,9301,57,230,193,1991,4830,6669,121,7754,8462,8055,7898
639,ANDAMAN AND NICOBAR ISLANDS,North  AND Middle Andaman,5897,18641,388,1193,910,3550,14735,19406,743,20248,14081,12704,20185
640,ANDAMAN AND NICOBAR ISLANDS,South Andaman,31998,52479,2789,6771,5323,17535,44400,52025,1228,53188,48604,44691,51292
